sample	lineage
OL343614.1	A
KR559492.1	A
KY435474.1	A
KY575573.1	A
KR559473.1	A
KR046228.1	A
KY435458.1	A
KY435463.1	A
KY435478.1	A
KY575565.1	A
KY680407.1	A
KR559485.1	A
KY680396.1	A
KY435477.1	A
KR559496.1	A
KR046233.1	A
KR559490.1	A
KR046234.1	A
MT150096.1	A.2.1
MT150100.1	A.2.1
MT150094.1	A.2.1
MT150092.1	A.2.1
MT150093.1	A.2.1
MT150097.1	A.2.1
MT150098.1	A.2.1
KY703969.1	A.2.3
KY703949.1	A.2.3
KY680370.1	A.2.0
LC500222.1	A.2.0
KY435464.1	A
OL343611.1	A
OL343612.1	A
OL343615.1	A
OL343610.1	A
MH359140.1	A.1
KP164567.1	A.1.1
KY435483.1	A.1
KY435473.1	A.1
MT038393.1	A.2.2.1
MT038396.1	A.2.2.1
MT038395.1	A.2.2
MT150099.1	A.2.1.0
MT150095.1	A.2.1.0
KY703963.1	A.2.3
MN462646.1	A.2.0
KY703950.1	A.1.2
KY680364.1	A.1.2
MH329303.1	A.1.1.1
MH329294.1	A.1.1.1
MH329296.1	A.1.1.1
KY680375.1	A.1.1
MW656171.1	A.1.0
KY435482.1	A.1.0
MH359139.1	A.1.0
MH329300.1	A.1.0
MT038394.1	A.2.2.0
KY703932.1	A.2.3.0
KY704000.1	A.2.3.0
LC500216.1	A.2.0.4
LC500218.1	A.2.0.4
LC500221.1	A.2.0.3
LC500219.1	A.2.0.3
MN462639.1	A.2.0
MN462643.1	A.2.0.2
MN462644.1	A.2.0.2
KX496989.1	A
KY703896.1	A.1.2.0
KY703935.1	A.1.2.0
KY704002.1	A.1.1.0
KY703992.1	A.1.1.0
KY703972.1	A.1.1.0
MH329298.1	A.1.0.3
MH329297.1	A.1.0.3
KY435465.1	A.1.0
MH329295.1	A.1.0
MT038397.1	A.2.2.0.0
MT038398.1	A.2.2.0.0
MN462661.1	A.2.0.1
MN462655.1	A.2.0.1
MN462659.1	A.2.0.1
MN462645.1	A.2.0.0.1
MN462662.1	A.2.0.0.1
MN462648.1	A.2.0.0
KR559491.1	A
KR559497.1	A
KY435460.1	A
KY680376.1	A
KY435481.1	A.1.0
MH329304.1	A.1.0.2.1
MH329302.1	A.1.0.2.1
MH359141.1	A.1.0.2
MN462658.1	A.1.0.0
MN462653.1	A.1.0.0
MN462654.1	A.1.0.0
MN462641.1	A.2.0.0.0
MN462640.1	A.2.0.0.0
LN898098.1	A.3
LN898100.1	A.3
LN898112.1	A.3
LN898096.1	A.3
LN898106.1	A.3
LN898110.1	A.3
MN462638.1	A.1.0.2.0
MH329301.1	A.1.0.2.0
MN462647.1	A.1.0.0.1
MN462649.1	A.1.0.0.1
MN462652.1	A.1.0.0
LN898094.1	A.3.1
LN898103.1	A.3.1
LN898095.1	A.3.0
KR559476.1	A.0
KY703899.1	A.0
LC259089.1	A.0
KR046229.1	A.0
KR559488.1	A.0
LC259092.1	A.0
KY703970.1	A.0
KY680382.1	A.0
KY435471.1	A.0
KX262992.1	A.1.0.1.1
KP164572.1	A.1.0.1.1
KY435462.1	A.1.0.1.0
KY680388.1	A.1.0.1.0
LN898097.1	A.3.0.2
LN898102.1	A.3.0.2
LN898099.1	A.3.0.1
LN898093.1	A.3.0.1
LN898111.1	A.3.0.0
LN898107.1	A.3.0.0
LN898109.1	A.3.0.0
KY435475.1	A.0.16
KY435454.1	A.0.16
KY435470.1	A.0
KY680399.1	A.0
KY680363.1	A.0
KY680355.1	A.0
MF773560.1	A.0.19
KY435459.1	A.0.19
KY680379.1	A.0.19
KY435480.1	A.0.18
KY435461.1	A.0.18
KY435456.1	A.0.18
LN898108.1	A.0.15
LN898104.1	A.0.15
KY680352.1	A.0.11
KY703947.1	A.0.10
KY703928.1	A.0.10
KY703909.1	A.0.10
KY703984.1	A.0.10
KY703913.1	A.0.9
KY680359.1	A.0.7
KY680367.1	A.0.7
KY680405.1	A.0.7
KY703973.1	A.0.4
KY703979.1	A.0.4
KY703989.1	A.0.4
KY703946.1	A.0.4
KT192707.1	A.0
MN462656.1	A.1.0.0.0.1
MN462651.1	A.1.0.0.0.1
MN462650.1	A.1.0.0.0
KY435469.1	A.0.16.0
KY435472.1	A.0.16.0
KY680401.1	A.0
KP164571.1	A.0
KR559483.1	A.0
KY680353.1	A.0
KY272963.1	A.0
KY272969.1	A.0
LN898101.1	A.0.15.0
LN898105.1	A.0.15.0
KY680398.1	A.0.11.1
KY680361.1	A.0.11.1
KY703961.1	A.0.11.0
KY703936.1	A.0.11.0
KY703977.1	A.0.11.0
KY703918.1	A.0.10.0
KY703901.1	A.0.10.0
KP851709.1	A.0.9
KR559481.1	A.0.9
KY680402.1	A.0.7.1
KY680356.1	A.0.7.1
KY680372.1	A.0.7.1
KY680347.1	A.0.7
KY703976.1	A.0.4.2
KY703893.1	A.0.4.2
KY703888.1	A.0.4
KY703954.1	A.0.4
KY703915.1	A.0.4
KY703938.1	A.0.4
MN462660.1	A.1.0.0.0.0
MN462657.1	A.1.0.0.0.0
KY435485.1	A.0.2
MF001511.1	A.0.23
KY680391.1	A.0.23
KY680368.1	A.0.22
KY680412.1	A.0.22
KX262991.1	A.0.21
KY680410.1	A.0.21
KR264949.1	A.0.14
MF001518.1	A.0.14
KR264950.1	A.0.14
KY703945.1	A.0.9.1
MG921596.1	A.0.9.1
KY703917.1	A.0.9.0
KY703910.1	A.0.9.0
KY703962.1	A.0.9.0
KY703996.1	A.0.7.0
KY703920.1	A.0.7.0
KY703985.1	A.0.4.0
KY703931.1	A.0.4.0
MG967666.1	A.0.12
KY680386.1	A.0.12
KY435479.1	A.0.2.1
KR559495.1	A.0.2.2
KR559489.1	A.0.2
MH329299.1	A.0.8.1
MH359142.1	A.0.8.1
MH329293.1	A.0.8.1
MN462642.1	A.0.8
KY272964.1	A.0.20
KY272970.1	A.0.20
KY703916.1	A.0.4.0.0
KY703942.1	A.0.4.0.0
KY703957.1	A.0.4.0.0
KY703894.1	A.0.4.1.1
KY703991.1	A.0.4.1.1
KY703958.1	A.0.4.1
KY435455.1	A.0.12.0
KY680413.1	A.0.12.0
KX702401.1	A.0.5
KR559478.1	A.0.5
KY435457.1	A.0.2.1.1
KY435468.1	A.0.2.1.1
KP851710.1	A.0.2.1
KY435484.1	A.0.2.2.0
KR559494.1	A.0.2.2.0
MG208125.1	A.0.2.0
KR559486.1	A.0.8.0
LC259090.1	A.0.8.0
KY272961.1	A.0.3
KY703900.1	A.0.4.1.0
KY703937.1	A.0.4.1.0
KY415979.1	A.0.5
KY415983.1	A.0.5
KY415978.1	A.0.5
KY703897.1	A.0.13
KY435467.1	A.0.2.1.0
KR046227.1	A.0.2.1.0
MT228633.1	A.0.2.0.2
MT228632.1	A.0.2.0.2
MT228631.1	A.0.2.0.2
KY272966.1	A.0.3.2
MF001513.1	A.0.3.2
KY575569.1	A.0.3
KY680403.1	A.0.6
KY680395.1	A.0.6
KY680400.1	A.0.6
KY680397.1	A.0.6
KY680408.1	A.0.6
KR559487.1	A.0
KY703902.1	A.0.13.0
KY703903.1	A.0.13.0
KY680389.1	A.0.17
KY680373.1	A.0.17
KT327164.1	A.0.2.0.1
KY680360.1	A.0.3.1
KY680369.1	A.0.3.1
KY680358.1	A.0.3.1
MF001507.1	A.0.3.0
KY680354.1	A.0.6.0
KY680390.1	A.0.6.0
KY680406.1	A.0
KX702402.1	A.0.5.0.1
KY415981.1	A.0.5.0.1
KY415980.1	A.0.5.0
KY703997.1	A.0.0
KY703966.1	A.0.0
KJ451624.1	A.0.2.0.1.0
KT327167.2	A.0.2.0.1.0
KT327165.2	A.0.2.0.0.1
KT327166.2	A.0.2.0.0.1
KY435486.1	A.0.2.0.0.0
KT327163.2	A.0.2.0.0.0
MF001510.1	A.0.3.0.1
KY680357.1	A.0.3.0.1
KY680387.1	A.0.3.0.0
KY680374.1	A.0.3.0.0
KY575566.1	A.0
KY415982.1	A.0.5.0.0
KY703965.1	A.0.0.4
KY703890.1	A.0.0.4
KY703933.1	A.0.0
KY703906.1	A.0.0.5
KY680366.1	A.0.0.5
KX262994.1	A.0.0
KY272965.1	A.0
KY415984.1	A.0.5.0.0.0
KY415985.1	A.0.5.0.0.0
KY703995.1	A.0.0.4.0
KY703943.1	A.0.0.4.0
KY703944.1	A.0.0.4.0
KY703988.1	A.0.0
KY272967.1	A.0
KY703921.1	A.0.0.0
KY703905.1	A.0.0.0
KY703968.1	A.0.0.0
KY703999.1	A.0.0.0
KR559471.1	A.0.0
KY680384.1	A.0.0
KR559470.1	A.0
KY703923.1	A.0.0.0.5
KY703951.1	A.0.0.0.5
KY703960.1	A.0.0.0
KY703914.1	A.0.0.0
KY703998.1	A.0.0.2
KY703967.1	A.0.0.2
KY435466.1	A.0
KY703889.1	A.0.0.0.4
KY703892.1	A.0.0.0.4
KY703983.1	A.0.0.0.3
KY703978.1	A.0.0.0.3
KY703975.1	A.0.0.0
KY703980.1	A.0.0.2
KY703955.1	A.0.0.3
KY703919.1	A.0.0.3
KY703948.1	A.0.0.3
KY703959.1	A.0.0.3
KR046230.1	A.0.0
KY703990.1	A.0.0.0.1
KY703982.1	A.0.0.0.2
KY703907.1	A.0.0.0.2
KY703911.1	A.0.0.2.0
KR559484.1	A.0.0
KU355832.1	A.0.1
KY680351.1	A.0.1
KY703925.1	A.0.0.0.1.0
KY703987.1	A.0.0.0.1.0
KY703974.1	A.0.0.0.0
KY703891.1	A.0.0.0.0.0
KY703926.1	A.0.0.0.0.0
KY703930.1	A.0.0.2.0.0
KY703895.1	A.0.0.2.0.0
LC500215.1	A.0.1.2
LC500217.1	A.0.1.2
LC500220.1	A.0.1.2
KY703924.1	A.0.0.0.0.1
KY703952.1	A.0.0.0.0.1
KY703971.1	A.0.0.0.0.0.0
KY703986.1	A.0.0.0.0.0.0
KR559475.1	A.0.0.1
KY703904.1	A.0.0.1.0
KR559474.1	A.0.1.1
MF001512.1	A.0.1.1
KY680362.1	A.0.1.1
KY680377.1	A.0.1.1
KY680393.1	A.0.0.1
KY703993.1	A.0.0.1.0.2
KY703940.1	A.0.0.1.0.2
KY703898.1	A.0.0.1.0
KY704001.1	A.0.0.1.0
KY680411.1	A.0.1.1.0
KY680414.1	A.0.1.1.0
KY575572.1	A.0.1.0
KY680394.1	A.0.1.0
KR046232.1	A.0.0.1.1
KY703908.1	A.0.0.1.0.1
KY703922.1	A.0.0.1.0.1
MF001509.1	A.0.1.0.5
MF001519.1	A.0.1.0.5
KR559477.1	A.0.1.0
KR264951.1	A.0.1.0.4
KY680392.1	A.0.1.0.4
MF001517.1	A.0.1.0.3
MF001508.1	A.0.1.0.1
MF001506.1	A.0.1.0.1
KR559472.1	A.0.0.1.1
KY703934.1	A.0.0.1.0.0.1
KY703994.1	A.0.0.1.0.0.1
KY703956.1	A.0.0.1.0.0.0
KY703927.1	A.0.0.1.0.0.0
KY680381.1	A.0.1.0.3.0
KY680404.1	A.0.1.0.3.0
KY680348.1	A.0.1.0.1.2
KY680350.1	A.0.1.0.1.2
KY680380.1	A.0.1.0.1.1
MF001516.1	A.0.1.0.1.1
KR559482.1	A.0.1.0.1.0
KR559480.1	A.0.1.0.1.0
KY680409.1	A.0.1.0.1.0
KR046231.1	A.0.0.1.1.0
KY435476.1	A.0.0.1.1.0
KY680371.1	A.0.1.0.2
KY680383.1	A.0.1.0.2
MF001505.1	A.0.1.0.0.1
MF001515.1	A.0.1.0.0.1
KY680385.1	A.0.1.0.0
KY680349.1	A.0.1.0.0
KY272962.1	A.0.1.0.0
KY272968.1	A.0.1.0.0.0
MF001514.1	A.0.1.0.0.0
KY680378.1	A.0.1.0.0.0.0
KR559479.1	A.0.1.0.0.0.0.0
KR559498.1	A.0.1.0.0.0.0.0
MW042254.1	B
KX619426.1	B
MK286899.1	B
ON642352.1	B
ON642351.1	B.6
ON642353.1	B.6
MK473633.1	B
MF499120.1	B
MH647207.1	B
MW042255.1	B
MK473628.1	B
MH349097.1	B.6.0
MF740874.1	B.6.0
MW574902.1	B.7
LC664147.1	B.2
LC664153.1	B.2
LC664152.1	B.2
LC664151.1	B.2
LC664142.1	B.2
LC664141.1	B.2
LC664156.1	B.2
LC664143.1	B.2
MG925665.1	B
MK473627.1	B
MF774618.1	B.6.0.1
MF774619.1	B.6.0.1
MF774617.1	B.6.0
MK473632.1	B
MH124583.1	B
MK370033.1	B.7.0
MW321606.1	B.7.2
MG137428.1	B.7.2
MK286894.1	B.7.1
MK286893.1	B.7.1
LC664144.1	B.2.1
LC664145.1	B.2.1
LC664154.1	B.2.1
LC664149.1	B.2.0
LC664148.1	B.2.0
LC664150.1	B.2.0
LC664146.1	B.2.0
LC664155.1	B.2.0
MT526800.1	B
MT380161.1	B
MF774615.1	B.6.0.0
MF774616.1	B.6.0.0
MK473621.1	B
MK473635.1	B
MK473634.1	B
MK286897.1	B.7.0.0
MK286898.1	B.7.0.0
MT526801.1	B.5
MT526796.1	B
MT526807.1	B.5
MT526803.1	B.5
MH124581.1	B
MT526802.1	B.5
MW161379.1	B
MW161409.1	B
MK163628.1	B.1
MW161419.1	B.1
MW161421.1	B.1
MF503628.1	B
MK473624.1	B
MK473639.1	B
MW161383.1	B.1.4
MW161403.1	B.1.4
MW161366.1	B.1.4
MW161407.1	B.1.4
MW161410.1	B.1.4
MW161365.1	B.1.3
MW161418.1	B.1.3
MW161406.1	B.1.3
MW161385.1	B.1.3
MW161375.1	B.1
MW161438.1	B.1.1
MW161399.1	B.1.1
MW161435.1	B.1.1
MW161395.1	B.1.1
MW161396.1	B.1.1
MW161401.1	B.1.1
MW161397.1	B.1.1
MW161436.1	B.1.1
MW161400.1	B.1.1
MW161402.1	B.1.1
MW161437.1	B.1.1
MW161398.1	B.1.1
MW161404.1	B.1
MK473629.1	B
MK473640.1	B
MT526799.1	B.5.0.1
MT526798.1	B.5.0.1
MT526805.1	B.5.0
MW161367.1	B.1.3.0
MW161388.1	B.1.3.0
MW161391.1	B.1.2
MW161434.1	B.1.2
MW161432.1	B.1.2
MW161389.1	B.1.2
MW161442.1	B.1.2
MW161392.1	B.1
MK473622.1	B.3.1
KY057363.1	B.3.1
KY751908.1	B.3
LC580240.1	B.4
LC580249.1	B
MT526804.1	B.5.0.0
MT526806.1	B.5.0.0
LC580236.1	B
LC580237.1	B
MK468611.1	B
MK468623.1	B
MF773566.1	B.0
LC580245.1	B.0
MW161373.1	B.1.7
MW161429.1	B.1.7
MT023791.1	B.1
MH124580.1	B.3.0.1
MH124582.1	B.3.0.1
MK473625.1	B.3.0.1
MK473630.1	B.3.0
MH754507.1	B.4.1
MK120197.1	B.4.0
MK120198.1	B.4.0
MK120194.1	B.4.0
LC580239.1	B.0
MH647208.1	B.0
MK468614.1	B.0
LC580251.1	B.0
MK468609.1	B.0
MK468627.1	B.0
LC580254.1	B.0
MK473631.1	B.3.0
MG049915.1	B.4.1.0
MH507158.1	B.4.1.0
MK120200.1	B.4.0
MK468612.1	B.0
MK468626.1	B.0
MG912993.1	B.0
MW161368.1	B.1.6
MW161411.1	B.1.6
MK473636.1	B.3.0.0
MK120199.1	B.4.0.0
MT123008.1	B.0
MK468613.1	B.0.1.0
MK468616.1	B.0.1.0
MK468622.1	B.0.1.0
LC580250.1	B.0.1.0
LC580242.1	B.0.1.0
LC580255.1	B.0.1.0
MK468610.1	B.0.1.0
MK468608.1	B.0.5
MW161372.1	B.1.5
MW161431.1	B.1.5
MW161441.1	B.1
MK473638.1	B.3.0.0.0
MK473623.1	B.3.0.0.0
MK473637.1	B.3.0.0.0
MK120195.1	B.4.0.0.0
MK120196.1	B.4.0.0.0
MT123010.1	B.0.3
MT123009.1	B.0.3
LC580252.1	B.0.1.2
MK468621.1	B.0.1.2
MK468617.1	B.0.1.2
LC580241.1	B.0.1.0.1
LC580238.1	B.0.1.0.1
LC580248.1	B.0.1.0.0
MK468618.1	B.0.1.0.0
LC580243.1	B.0.5.0
MK468619.1	B.0.5.0
LC580268.1	B.0.4
MK848202.1	B.0.2
MW161415.1	B.1
LC580246.1	B.0.3.0
LC580244.1	B.0.3.0
LC580247.1	B.0.3.0
MK468615.1	B.0.1.1.1
MK468620.1	B.0.1.1.1
LC580253.1	B.0.1.1.0
MH400249.1	B.0.1.1.0
LC580259.1	B.0.4.0
LC580260.1	B.0.4.0
MN402890.1	B.0.2.2
MN402885.1	B.0.2.2
MK040571.1	B.0.2
LC664157.1	B.0.6
MT495608.1	B.0.6
MW161381.1	B.1
MK040569.1	B.0.2.1
MK040570.1	B.0.2.1
MZ443813.1	B.0.2.0
MZ443814.1	B.0.2.0
MW161382.1	B.1
MZ443815.1	B.0.2.0.0
MZ443816.1	B.0.2.0.0
LC664163.1	B.0.0
MT495605.1	B.0.0
MW161414.1	B.1
MN402891.1	B.0.0.7
MN402888.1	B.0.0
MW557660.1	B.0.0
MW557661.1	B.0.0
LC580269.1	B.0.0.2
MN974211.1	B.0.0.8
MN974220.1	B.0.0.8
MN974218.1	B.0.0.6
MN974223.1	B.0.0.1
MW161387.1	B.1
LC580257.1	B.0.0.3.1
LC580256.1	B.0.0.3.1
MT640256.1	B.0.0.3.1
MN630017.1	B.0.0.3
MN402889.1	B.0.0.7.0
MN402887.1	B.0.0.7.0
MW349426.1	B.0.0.2.1
LC664158.1	B.0.0.2.1
LC664159.1	B.0.0.2.1
OL999094.1	B.0.0.2
OL999095.1	B.0.0.2
MN974219.1	B.0.0.6.0
MK468801.1	B.0.0.6.0
MN974221.1	B.0.0.1
LC580262.1	B.0.0.1
MN974214.1	B.0.0.5
MN974215.1	B.0.0
MN974216.1	B.0.0
MN974206.1	B.0.0
MW110474.1	B.0.0.3
MW110472.1	B.0.0.4.1
MW110473.1	B.0.0.4.1
MW248363.1	B.0.0.4
OL999091.1	B.0.0.2.0
OL999092.1	B.0.0.2.0
MN075149.1	B.0.0.1.1
MN075150.1	B.0.0.1.1
OL979156.1	B.0.0.1.0
OL979155.1	B.0.0.1.0
OL893107.1	B.0.0.1.0
MN974217.1	B.0.0.5.0
MN974222.1	B.0.0.5.0
MN974208.1	B.0.0.0
MN974224.1	B.0.0.0
MN974207.1	B.0.0.0
MN974213.1	B.0.0.0
LC664162.1	B.0.0.3
MN402886.1	B.0.0.4
OL849991.1	B.0.0.2.0.1
OL999093.1	B.0.0.2.0.1
OL589270.1	B.0.0.2.0
OL893105.1	B.0.0.1.0.1
OL979157.1	B.0.0.1.0.1
OL979154.1	B.0.0.1.0.0
OL979153.1	B.0.0.1.0.0
MN974205.1	B.0.0.0
MN974203.1	B.0.0.0
LC580265.1	B.0.0.3.0
LC580267.1	B.0.0.3.0
MW248364.1	B.0.0.4.0
OL849990.1	B.0.0.2.0.0
OL893106.1	B.0.0.2.0.0
OL705486.1	B.0.0.1.0.0.0
OL741630.1	B.0.0.1.0.0.0
MN974212.1	B.0.0.0.1
MN974204.1	B.0.0.0
LC580261.1	B.0.0.3.0.0
LC580258.1	B.0.0.3.0.0
MW110477.1	B.0.0.4.0
MN974209.1	B.0.0.0.1.0
LC580263.1	B.0.0.0.1.0
MN974210.1	B.0.0.0
MW161433.1	B.1.0.3.3
MW161376.1	B.1.0.3.3
MW161371.1	B.1.0.3.2
MW161454.1	B.1.0.3.2
MW161428.1	B.1.0.3.1
MW161444.1	B.1.0.3.1
MW161455.1	B.1.0.3.0
MW161364.1	B.1.0.3.0
MW161451.1	B.1.0.2.3
MW161460.1	B.1.0.2.3
MW161405.1	B.1.0.2.2
MW161448.1	B.1.0.2.2
MW161458.1	B.1.0.2.1
MW161457.1	B.1.0.2.1
MW161453.1	B.1.0.2.0
MW161452.1	B.1.0.2.0
MW161430.1	B.1.0.1.3
MW161443.1	B.1.0.1.3
MW161380.1	B.1.0.1.2
MW161456.1	B.1.0.1.2
MW161450.1	B.1.0.1.1
MW161447.1	B.1.0.1.1
MW161413.1	B.1.0.1.0
MW161412.1	B.1.0.1.0
MW110475.1	B.0.0.4.0.0
MW110476.1	B.0.0.4.0.0
MW161417.1	B.1.0.0.3.1
MW161427.1	B.1.0.0.3.1
MW161425.1	B.1.0.0.3.0
MW161384.1	B.1.0.0.3.0
MW161377.1	B.1.0.0.2.1
MW161449.1	B.1.0.0.2.1
MW161416.1	B.1.0.0.2.0
MW161386.1	B.1.0.0.2.0
MW161446.1	B.1.0.0.1.1
MW161420.1	B.1.0.0.1.1
MW161378.1	B.1.0.0.1.0
MW161459.1	B.1.0.0.1.0
MW161370.1	B.1.0.0.0.1
MW161422.1	B.1.0.0.0.1
MW161440.1	B.1.0.0.0.0
MW161408.1	B.1.0.0.0.0
MN402884.1	B.0.0.0.0.2
MN402892.1	B.0.0.0.0.2
MN402883.1	B.0.0.0.0.2
LC580264.1	B.0.0.0.0
LC664165.1	B.0.0.0.0.1
MW291576.1	B.0.0.0.0.0
MN756625.1	B.0.0.0.0.0
LC664160.1	B.0.0.0.0.1.0
LC664166.1	B.0.0.0.0.1.0
LC664161.1	B.0.0.0.0.0.1
LC664164.1	B.0.0.0.0.0.1
MT640255.1	B.0.0.0.0.0
MT495606.1	B.0.0.0.0.0.0.1
MT495607.1	B.0.0.0.0.0.0.1
MT668625.1	B.0.0.0.0.0.0.0
LC580266.1	B.0.0.0.0.0.0.0
MN783353.1	C
KY055011.1	C
MK993756.1	C
MK993757.1	C
KP164569.1	C
MT349960.1	C.1
KP164570.1	C
KP164568.1	C
MH000704.1	C.3
MN783352.1	C.3
KU940226.1	C.1
KU940225.1	C.1
KY704946.1	C
KY704934.1	C
MT526900.1	C.1.1
KY704942.1	C.1.1
OM128438.1	C
MH000703.1	C.3.1.1
MH000702.1	C.3.1.1
MH000706.1	C.3.1
KY704954.1	C.3.2
MH823664.1	C.1.1.4
MH823666.1	C.1.1.4
MH823668.1	C.1.1.3
MH823665.1	C.1.1.3
MK518395.1	C.1.1
OK562599.1	C.1.2.1
MZ703085.1	C.1.2.1
OK562602.1	C.1.2
MT038402.1	C.1
MT038403.1	C.1
KY124329.1	C
MG649979.1	C
MG649980.1	C
MH000705.1	C.3.1.0
MG000876.1	C.3.2
ON023526.1	C.3.0
MK121903.1	C.3.0.0
MH823663.1	C.1.1.3.0
MH823667.1	C.1.1.3.0
MT526903.1	C.1.1.2
KY704952.1	C.1.1.1
KY704953.1	C.1.1
MZ703086.1	C.1.2.0
MN428523.1	C.1.0
MN428519.1	C.1.0
MG649984.1	C
OM128432.1	C
KX228391.1	C.3.1.0.0
MH000700.1	C.3.1.0.0
MG000875.1	C.3.2.0
KY704955.1	C.3.2.0
MT933029.1	C.3.0.1
MT933039.1	C.3.0.1
MK121906.1	C.3.0.0.1
MK121907.1	C.3.0.0.1
MK121908.1	C.3.0.0
MT526902.1	C.1.1.2
KY704936.1	C.1.1.1
KY704939.1	C.1.1.0
OK562600.1	C.1.2.0.0
OK562601.1	C.1.2.0.0
MN428515.1	C.1.0
MN428521.1	C.1.0
OM128434.1	C
OM128431.1	C
MK121904.1	C.3.0.0.0
MK121905.1	C.3.0.0.0
MT526901.1	C.1.1.2.0
MT526904.1	C.1.1.2.0
KY704949.1	C.1.1.1.0
KY704945.1	C.1.1.1.0
KY704937.1	C.1.1.0.1
KY704940.1	C.1.1.0.1
KY704948.1	C.1.1.0.0
KY704943.1	C.1.1.0.0
KY704938.1	C.1.1.0.0
MN428525.1	C.1.0
MN428527.1	C.1.0
MG649985.1	C.2.2
MG649973.1	C.2.2
OM128439.1	C.2
OM128433.1	C
OM128436.1	C
OM128437.1	C
OM128440.1	C
OM128435.1	C
KY704950.1	C.1.1.0.0
MN428504.1	C.1.0.1.1
MN428506.1	C.1.0.1.1
MN428518.1	C.1.0.1
MN428516.1	C.1.0
OL898710.1	C.0
OL898671.1	C.0
KY704944.1	C.1.1.0.0.0
MN428511.1	C.1.0.1.0
MN428509.1	C.1.0.1.0
MN428520.1	C.1.0
MG649978.1	C.2.1
MG649982.1	C.2.1
MG649975.1	C.2
OL898663.1	C.0
OL898675.1	C.0
MW260513.1	C.0.4
MW260516.1	C.0.4
MT933038.1	C.0
KY704935.1	C.1.1.0.0.0.0
KY704947.1	C.1.1.0.0.0.0
MN428526.1	C.1.0
KY124328.1	C.2
MW260512.1	C.0.4.1
MW260518.1	C.0.4.1
MW260519.1	C.0.4
MT933033.1	C.0
MT933034.1	C.0.1
MG649977.1	C.2
OL898703.1	C.0.3.1
OL898701.1	C.0.3.1
OL898713.1	C.0.3.0
OL898674.1	C.0
OL898680.1	C.0
MW260515.1	C.0.4.0
ON586954.1	C.0.1
ON586961.1	C.0.1
MN428517.1	C.1.0.0
MG649974.1	C.2.0
OL898707.1	C.0.3.0
OL898700.1	C.0.3.0
OL898704.1	C.0.5
OL898695.1	C.0
MW260517.1	C.0.4.0.0
MW260514.1	C.0.4.0.0
MT933036.1	C.0.2
ON023510.1	C.0.1.1
ON586957.1	C.0.1.2
ON586956.1	C.0.1.2
ON586955.1	C.0.1.2
OP485452.1	C.0.1
MN428524.1	C.1.0.0.1
MN428505.1	C.1.0.0.2
MN428508.1	C.1.0.0.2
MN428507.1	C.1.0.0.0
MG649981.1	C.2.0
OL898678.1	C.0.3.0.1
OL898692.1	C.0.3.0.1
OL898693.1	C.0.3.0.0
OL898712.1	C.0.5.0
OL898702.1	C.0.5.0
MT933043.1	C.0.2.2
MT933044.1	C.0.2.2
MT933032.1	C.0.2.1
MT933049.1	C.0.2.1
ON023520.1	C.0.1.1.2
ON023518.1	C.0.1.1.2
ON023512.1	C.0.1.1
MN428512.1	C.1.0.0.1.0
MN428522.1	C.1.0.0.1.0
MN428513.1	C.1.0.0.0.0
MN428510.1	C.1.0.0.0.0
MG649970.1	C.2.0
OL898686.1	C.0.3.0.0.0
OL898679.1	C.0.3.0.0.0
OL898676.1	C.0.7
OL898697.1	C.0.7
OL898673.1	C.0
MT933041.1	C.0.2.0
MT933035.1	C.0.2.0
ON023506.1	C.0.1.1.0
ON586967.1	C.0.1.4
ON586968.1	C.0.1.4
MG649976.1	C.2.0.0
MT933046.1	C.0.2.0
MT933051.1	C.0.2.0
ON023523.1	C.0.1.1.1.1
ON023501.1	C.0.1.1.1.1
ON023519.1	C.0.1.1.1
ON023507.1	C.0.1.1.0.2
ON023517.1	C.0.1.1.0.2
ON023509.1	C.0.1.1.0.1
ON023508.1	C.0.1.1.0.1
ON023511.1	C.0.1.1.0
ON586963.1	C.0.1.3
ON586959.1	C.0.1.3
MG649972.1	C.2.0.0
OL898688.1	C.0.6
OL898685.1	C.0.6
OL898705.1	C.0
MT933050.1	C.0.2.0.1
ON023515.1	C.0.1.1.1.0
ON023522.1	C.0.1.1.1.0
ON023514.1	C.0.1.1.1.0
ON023513.1	C.0.1.1.0.0
ON586966.1	C.0.1.0.2
OP485449.1	C.0.1.0
MG649983.1	C.2.0.0.0
MG649971.1	C.2.0.0.0
MT933030.1	C.0.2.0.0.1
MT933042.1	C.0.2.0.0.1
MT933045.1	C.0.2.0.0.0
MT933047.1	C.0.2.0.0.0
MT933037.1	C.0.2.0.1
ON023503.1	C.0.1.1.0.0.0
ON023505.1	C.0.1.1.0.0.0
ON586965.1	C.0.1.0.2.1
ON586964.1	C.0.1.0.2.1
ON586960.1	C.0.1.0.2.0
ON586962.1	C.0.1.0.2.0
OL898696.1	C.0.0
MT933040.1	C.0.2.0.1.0
MT933048.1	C.0.2.0.1.0
OP485447.1	C.0.1.0.1
OP485450.1	C.0.1.0.0
OP485446.1	C.0.1.0.0
OL898682.1	C.0.0.3
OL898684.1	C.0.0
OP485448.1	C.0.1.0.1.0
OP485453.1	C.0.1.0.1.0
OP485444.1	C.0.1.0.0
OP485455.1	C.0.1.0.0
OL898664.1	C.0.0.3.0
OL898687.1	C.0.0.3.0
OL898677.1	C.0.0.1.1
OL898689.1	C.0.0.1.1
OL898706.1	C.0.0.1
OP485454.1	C.0.1.0.0.0
OL898694.1	C.0.0.1.0
OL898669.1	C.0.0.1.0
OL898711.1	C.0.0.2
OL898714.1	C.0.0.2
OL898670.1	C.0.0
OP485451.1	C.0.1.0.0.0.0
OP485445.1	C.0.1.0.0.0.0
OL898681.1	C.0.0
OL898665.1	C.0.0.0
OL898667.1	C.0.0.0.1
OL898709.1	C.0.0.0.1
OL898668.1	C.0.0.0.0
OL898691.1	C.0.0.0.0
OL898715.1	C.0.0.0.0.0
OL898708.1	C.0.0.0.0.0
OL898666.1	C.0.0.0.0.2
OL898698.1	C.0.0.0.0.2
OL898683.1	C.0.0.0.0.1
OL898690.1	C.0.0.0.0.1
OL898699.1	C.0.0.0.0.0.0
OL898672.1	C.0.0.0.0.0.0
LC259093.1	D
GQ905863.1	D
FR687342.1	D
KT324224.1	D
KT324227.1	D.6
GU199352.1	D.6
GU199353.1	D.6
MF773568.1	D.8
FR687341.1	D.9
FJ445432.2	D.9
FJ445430.2	D
KP164869.1	D.8.0
GU301780.1	D.8.0
GU301779.1	D
FR687340.1	D
KT324226.1	D.2
FR687346.1	D.2
FJ445463.2	D
KJ579187.1	D.4
KJ579186.1	D.4
JQ861259.1	D.7
JQ861260.1	D.7
JX088705.1	D
KX009168.1	D.2.1
FR687348.1	D.2.1
FR687343.1	D.2.1
KF151175.1	D.2.0
KF151174.1	D.2.0
KF590565.1	D.2.0
KF590567.1	D.2.0
GU908223.1	D.2.0
FR687345.1	D
KJ579185.1	D.4.0
KJ579184.1	D.4.0
MF076571.1	D.1.1
JQ861253.1	D.1.0
JQ861258.1	D.1.0
KF590566.1	D.2.0.1
KF590564.1	D.2.0.1
JQ065886.1	D.2.0
MF076576.1	D.1.1.1
MF076577.1	D.1.1.1
MF076568.1	D.1.1
JQ861254.1	D.1.0.2
JQ861256.1	D.1.0.2
JQ861257.1	D.1.0.1
JQ861255.1	D.1.0.1
MF076572.1	D.1.0.0
MF076574.1	D.1.0.0
JQ065888.1	D.3.2
HQ846357.1	D.3.2
HQ846358.1	D.2.0.0
HQ846359.1	D.2.0.0
MH647210.1	D.5
MH647211.1	D.5
FJ445445.2	D
MF076569.1	D.1.1.0
MF076570.1	D.1.1.0
MF076575.1	D.1.0.0.0
MF076573.1	D.1.0.0.0
JQ065885.1	D.3.1
JQ065887.1	D.3.1
JQ065889.1	D.3.0
HQ846356.1	D.3.0
FJ445484.2	D
FR687344.1	D.0.4
GU301781.1	D.0.4
KX262997.1	D.0.3
MF773567.1	D.0.3
MF773569.1	D.0.2
KC862329.1	D.0.2
KT324228.1	D.0.1
FJ445431.2	D.0.1
FJ445502.2	D.0
FJ445433.2	D.0
FR687347.1	D.0.0.1
KT324225.1	D.0.0.1
FJ445443.2	D.0.0
KX009167.1	D.0.0
KX009170.1	D.0.0.0
LC580270.1	D.0.0.0.0
KX009171.1	D.0.0.0.0
HE806461.1	E
FN295483.3	E.5
FN295484.2	E.5
KX168429.1	E.5
MG664851.1	E
KF872195.1	E
EU703760.1	E.2
MT591085.1	E.4
MH670649.1	E
MT591107.1	E.3
EU703759.1	E.2.2
EU703761.1	E.2.2
KM923917.1	E.2.1
KM923920.1	E.2.1
KM923918.1	E.2.0
KM923919.1	E.2.0
MT591083.1	E.4.0
MT591084.1	E.4.0
MT591092.1	E.3.0
LC259091.1	E.3.0
OK316993.1	E.1.2
OK316994.1	E.1.2
OK655883.1	E.0
OK655884.1	E.0
MT591104.1	E.0.3
OK316996.1	E.1.1
OK316995.1	E.1.1
OK316989.1	E.1
LC259085.1	E.0.1.1
KY883764.1	E.0.1.1
MT591088.1	E.0.1
MT591089.1	E.0.1
MT591105.1	E.0.3.0
MT591106.1	E.0.3.0
MT591102.1	E.0.4
MT591103.1	E.0.4
OK316990.1	E.1.0
LC259087.1	E.0.1.1.0
KM673291.1	E.0.1.1.0
MT591086.1	E.0.1.0
MT591087.1	E.0.1.0
MT591099.1	E.0.2
MT591100.1	E.0.2
MT591096.1	E.0.0
MT591098.1	E.0.0
OK316991.1	E.1.0.0
OK316992.1	E.1.0.0
MT591090.1	E.0.1.0.0
MT591091.1	E.0.1.0.0
KX097986.1	E.0.0.1
MT591097.1	E.0.0.1
MT591101.1	E.0.0.1
KX097982.1	E.0.0
MT591093.1	E.0.0
MT591094.1	E.0.0.0
MT591095.1	E.0.0.0.0
KX097988.1	E.0.0.0.0
MK286895.1	F
MK473626.1	F.4
LC331252.1	F.4
KX619424.1	F
MH423800.1	F.3
MH423798.1	F.3
MH423803.1	F.0
MH423806.1	F.0
MH423802.1	F.0
MH423799.1	F.0
MH423804.1	F.0
MH423797.1	F.0
MH423805.1	F.0
OK139083.1	F.2.1
MN954552.1	F.2.1
KX619422.1	F.2.0
KX619423.1	F.2.0
KX619425.1	F.1
MH423801.1	F.0.0
MH423810.1	F.0.0
MK551553.1	F.1
MK518340.1	F.1.0
MK551552.1	F.1.0
FJ513675.1	G
GU199351.1	G
GQ428215.1	G
KY575570.1	G
FJ807898.1	G
EU372006.1	G
KT336777.1	G
FJ513632.1	G.1.1
FJ445426.2	G.1.1
FJ513673.1	G.1
MH647192.1	G
FJ513654.1	G.1.0
FJ513645.1	G.1.0
MH647191.1	G.0
MH647218.1	G.0
MH647190.1	G.0
MH647188.1	G.0
MH647217.1	G.0
MH647189.1	G.0
MH647195.1	G.0
MH647194.1	G.0
MH647209.1	G.0
MH647205.1	G.0.2
MH647206.1	G.0.2
MH647201.1	G.0.1
MH647204.1	G.0.1
MH647196.1	G.0
MH647198.1	G.0.0
MH647203.1	G.0.0
MH647199.1	G.0.0
MH647200.1	G.0.0.0
MH647202.1	G.0.0.0
MK690206.1	H.2
MK935343.1	H.2
MT636918.1	H.1
MT636917.1	H.1
MT636908.1	H.0
MT636913.1	H.0
MT636912.1	H.0
MT636921.1	H.1
MT636907.1	H.0.2
MT636910.1	H.0.2
MT636919.1	H.0.1
MT636909.1	H.0.1
MT636911.1	H.0.1
MT636915.1	H.0.0
MT636914.1	H.0.0
MT636916.1	H.0.0
MT636922.1	H.1.0
MT636920.1	H.1.0
MH124577.1	I
KJ679578.1	I
MG664850.1	I
MH647181.1	I.3
MH647180.1	I.3
MH124570.1	I
ON642354.1	I.2
ON642355.1	I.2
MH124578.1	I
MH124575.1	I.1
MH124573.1	I.1
MH124576.1	I.1
JQ065891.1	I
MH124579.1	I.0
MH124571.1	I.0
MH124572.1	I.0.0
MH124574.1	I.0.0
FJ445428.2	J
MK086029.1	J.2
GU189061.1	J.2.1
MK028838.1	J.2.1
HM045801.1	J.2.0
GU199350.1	J.2.0
FJ513635.1	J.1
GU013529.2	J.1
FJ513637.1	J.1
FJ513628.1	J.0
FJ513679.1	J.0
GU013528.2	J.0
FJ513629.1	J.0
FJ513657.1	J.0.0
GU013530.2	J.0.0
MH229986.1	K
FJ959103.1	K
AM258994.1	K
AM258993.1	K
EU037962.1	K.0
KY575571.1	K.0.1
KP003808.1	K.0.1
KP003807.1	K.0.0
KP003809.1	K.0.0
EF012359.1	K.2
EU564334.1	K.2
FR717337.1	K.1
FR717336.1	K.1.0
DQ443544.2	K.1.0
KT308160.1	L
LC259084.1	L.0
MH647185.1	L.0
KT308159.1	L.1
KT308162.1	L.1
KF318729.1	L.0.0
KC488650.1	L.0.0
EU244823.2	M
MK120201.1	M
MK120202.1	M
KX262993.1	M
KP003810.1	M.0
KX262989.1	M.0.0
KP003811.1	M.0.0
MF773565.1	N.1
LC259083.1	N.1
MF773561.1	N.0
FJ807897.1	N.0
MH647183.1	N.0.0
LC259086.1	N.0.0
HM045805.1	O
HM045811.1	O
HM045806.1	O
ON009843.1	O.0
AF369024.2	O.0
KX262990.1	O.0
HM045821.1	O.0.0
KJ679577.1	O.0.0
